section,n_obs,n_vars,median_umi,median_genes_detected,sparsity,spacing_native_units,hull_area_spacing2,spots_per_spacing2,duplicate_coordinate_fraction,annotated_fraction,n_domains,smallest_domain_fraction,largest_domain_fraction,domain_size_entropy_norm,domain_imbalance_ratio,chance_purity,truth_edge_homophily,truth_morans_I,truth_mean_components,truth_main_component_fraction,truth_boundary_fraction,expression_knn_purity,expression_silhouette,spatial_gain,expression_purity_above_chance,flags,dataset,section_id,split,technology,label_class
dlpfc/151507,4226,33538,2463.5,1384.0,0.957953057013656,6.165781021819574,3788.8800213106033,1.1153691793434497,0.0,0.9988168480832939,7,0.07225775882492301,0.2878464818763326,0.9399794508413638,3.9836065573770485,0.17904616199920062,0.9233752132774934,0.8934892458293415,1.2857142857142858,0.9630419331911869,0.22861881070836296,0.5827213140645976,0.036307673992010556,0.3406538992128958,0.40367515206539695,,dlpfc,151507,dev,10x Visium,expert
dlpfc/151508,4384,33538,2019.0,1159.5,0.9644772565426384,6.165781021819574,3914.2166222695814,1.1200197697433578,0.0,0.999315693430657,7,0.045651677699155443,0.31613786806665145,0.910085113882808,6.925,0.19554512151489795,0.9268602134487648,0.8949707745769363,1.2857142857142858,0.9511527048619036,0.21684546907098837,0.5768698166324279,0.017677804406600266,0.3499903968163369,0.3813246951175299,,dlpfc,151508,dev,10x Visium,expert
dlpfc/151509,4789,33538,2416.0,1407.0,0.9572421323883633,6.255625777999967,4124.755809740739,1.1610384277029508,0.0,0.9997911881394863,7,0.03467000835421888,0.39348370927318294,0.8338733486593256,11.349397590361447,0.24721072382990336,0.9269478296590442,0.8945256640573541,1.2857142857142858,0.8059732664995823,0.21804511278195488,0.6759398496240602,0.05815236366429641,0.25100798003498404,0.4287291257941568,,dlpfc,151509,dev,10x Visium,expert
dlpfc/151510,4634,33538,2319.0,1344.5,0.9591938793177177,6.210784333649329,4071.8596219480387,1.1380549503774458,0.0,0.9915839447561502,7,0.038955386289445046,0.38607181719260064,0.830047769382388,9.910614525139666,0.2474704373041142,0.9254029382399087,0.8915077767000364,1.2857142857142858,0.790424374319913,0.2232861806311208,0.6460790714544795,0.05397660447680934,0.2793238667854292,0.3986086341503653,,dlpfc,151510,dev,10x Visium,expert
dlpfc/151669,3661,33538,3470.0,1737.0,0.9463187777931238,6.165781021819574,3512.5626531699527,1.0422589890876646,0.0,0.993171264681781,5,0.06325632563256325,0.5888338833883389,0.7656000064844152,9.308695652173913,0.3919866546610657,0.954492519931918,0.9100348078662013,1.0,1.0,0.13751375137513752,0.7182068206820682,-0.025705104042856496,0.23628569924984977,0.3262201660210025,,dlpfc,151669,test,10x Visium,expert
dlpfc/151670,3498,33538,3113.0,1607.0,0.9500567373956839,6.165781021819574,3358.0110282365476,1.0416880619468862,0.0,0.9959977129788451,5,0.059988518943742825,0.6242824339839265,0.7119842553897927,10.4066985645933,0.43261997440159444,0.9536715746037701,0.8922211355721569,1.0,1.0,0.1386337543053961,0.7368159203980099,-0.03855843406389502,0.21685565420576014,0.3041959459964155,,dlpfc,151670,test,10x Visium,expert
dlpfc/151671,4110,33538,3743.0,1853.5,0.9445863638137747,6.165781021819574,3768.509856153438,1.0906167575199406,0.0,0.9958637469586374,5,0.059858294649401414,0.46860493525531394,0.8603596269110261,7.828571428571429,0.30071608376681197,0.953218712514994,0.9070282610608503,1.0,1.0,0.1414610310285854,0.7237885821320954,0.014472940338480145,0.2294301303828986,0.42307249836528343,,dlpfc,151671,test,10x Visium,expert
dlpfc/151672,4015,33538,3482.0,1740.0,0.9475722897028682,6.165781021819574,3730.078849227492,1.0763847527865305,0.0,0.9683686176836862,5,0.07818930041152264,0.4050925925925926,0.9004365164453466,5.180921052631579,0.26726677737980326,0.9513754521746446,0.916250811103701,1.0,1.0,0.1463477366255144,0.6842592592592592,0.013536511084890842,0.26711619291538535,0.416992481879456,,dlpfc,151672,test,10x Visium,expert
dlpfc/151673,3639,33538,4120.0,2113.0,0.9342740765434773,6.1657810218195745,3580.749733617475,1.0162676173192582,0.0,0.9923055784556197,7,0.06037108834117973,0.27388535031847133,0.9314965559192215,4.536697247706422,0.1809254484953626,0.9041046459179071,0.8682320821575608,1.1428571428571428,0.9886458044862919,0.2833010246469122,0.6179636296501431,0.042529337802181356,0.286141016267764,0.43703818115478044,,dlpfc,151673,test,10x Visium,expert
dlpfc/151674,3673,33538,5334.0,2610.0,0.9195961598399495,6.1657810218195745,3672.8235215769846,1.0000480497965607,0.0,0.9896542335965152,7,0.06162310866574965,0.25419532324621735,0.9474537505551578,4.125000000000001,0.1712392697467878,0.9027777777777778,0.8609922828150136,1.1428571428571428,0.9818431911966987,0.2861072902338377,0.6179000458505273,0.03415238464247406,0.2848777319272505,0.44666077610373944,,dlpfc,151674,test,10x Visium,expert
dlpfc/151675,3592,33538,3139.5,1695.0,0.9461062251495196,6.1657810218195745,3849.945711241343,0.9330001692002631,0.0,0.9927616926503341,7,0.07711721817162086,0.21620863712843522,0.9587351270435416,2.8036363636363637,0.16500733386199629,0.9001004474477217,0.8696959204782251,1.1428571428571428,0.9893438025799215,0.29248457655636567,0.5744438212750047,0.033028005278159675,0.32565662617271696,0.4094364874130084,,dlpfc,151675,test,10x Visium,expert
dlpfc/151676,3460,33538,3419.0,1813.0,0.9422571997530538,6.1657810218195745,3448.284656366543,1.0033974409890516,0.0,0.9916184971098266,7,0.07403089478286214,0.24366074030894783,0.9509588084762515,3.2913385826771653,0.1695748834859967,0.9027658967778728,0.8717057185222936,1.0,1.0,0.29146021568055963,0.5676673467405032,0.018417964735390056,0.33509855003736955,0.39809246325450653,,dlpfc,151676,test,10x Visium,expert
starmap/20180417_BZ5_control,1049,166,604.0,52.0,0.6943158716850242,165.18666326492846,2887.651853153197,0.3632709389307216,0.0,1.0,4,0.08198284080076262,0.42802669208770255,0.8849186316265848,5.22093023255814,0.32469527017878025,0.9421713038734315,0.9316245077064811,1.25,0.998093422306959,0.1601525262154433,0.6322211630123927,0.0270295243744672,0.3099501408610388,0.3075258928336125,,starmap,20180417_BZ5_control,dev,STARmap,unknown
starmap/20180419_BZ9_control,1053,166,301.0,38.0,0.7655694001075527,153.4580195671377,3252.168861077889,0.3237839254296891,0.0,1.0,4,0.0778727445394112,0.47768281101614435,0.8367140615222636,6.134146341463415,0.35855318634679195,0.9314207650273224,0.9022347362900663,2.0,0.9943019943019943,0.1785375118708452,0.6407090851535296,0.01967211728727866,0.29071167987379276,0.2821558988067377,,starmap,20180419_BZ9_control,test,STARmap,unknown
starmap/20180424_BZ14_control,1088,166,393.0,51.0,0.695788669383416,174.04617257923252,2588.767339597981,0.42027724290161955,0.0,1.0,4,0.03125,0.42371323529411764,0.8071020951092608,13.558823529411764,0.36145146247837373,0.9359487590072058,0.8792323029039331,1.5,0.9954044117647058,0.16819852941176472,0.6400122549019608,0.01989193400839198,0.29593650410524497,0.27856079242358706,,starmap,20180424_BZ14_control,test,STARmap,unknown
merfish/-0.04,5488,155,241.34844970703125,66.0,0.5812482366218377,13.210085076098935,18269.371656229156,0.30039347292651974,0.0,1.0,8,0.019314868804664723,0.2529154518950437,0.9003039309600017,13.09433962264151,0.17396895373101343,0.9250737152485257,0.8844062190792417,3.375,0.5923833819241983,0.20353498542274054,0.4448493683187561,0.00904517968519437,0.48022434692976956,0.2708804145877427,,merfish,-0.04,dev,MERFISH,reference_atlas
merfish/-0.09,5557,155,260.309814453125,68.0,0.5684187917593039,13.094134369893554,18572.278133744432,0.299209389391135,0.0,1.0,8,0.025373402915242038,0.24545618139283787,0.8962060529715842,9.673758865248226,0.17748895094725436,0.9358680952876314,0.9091427066295765,2.0,0.5846679863235559,0.18013316537700197,0.4907564033351329,0.022868397401454847,0.4451116919524985,0.3132674523878785,,merfish,-0.09,test,MERFISH,reference_atlas
merfish/-0.14,5926,155,246.25076293945312,68.0,0.5749512808509248,13.054909063944283,18729.677458381004,0.31639626540115784,0.0,1.0,8,0.03560580492743841,0.27927775902801216,0.8820784817232987,7.843601895734597,0.18970788219517826,0.9399431762515921,0.907051001999438,2.25,0.5627742153223084,0.16992912588592643,0.4911238609517381,0.010776321967632363,0.44881931529985397,0.30141597875655984,,merfish,-0.14,test,MERFISH,reference_atlas
merfish/-0.19,5803,155,254.12933349609375,67.0,0.5777590011840372,13.134171727702665,18506.6148532673,0.3135635580039909,0.0,1.0,8,0.0427365155953817,0.2379803549887989,0.9283340295984199,5.568548387096775,0.1625700980219368,0.9378415979330219,0.9152427304561181,2.5,0.5876270894364983,0.17456488023436154,0.49433051869722555,0.01690873814475396,0.44351107923579636,0.33176042067528877,,merfish,-0.19,test,MERFISH,reference_atlas
merfish/-0.24,5543,155,244.1346435546875,65.0,0.5868674817991888,13.47568131832633,17554.141860448148,0.31576593399242875,0.0,1.0,8,0.041132960490709004,0.28756990799206206,0.9228832123110362,6.991228070175438,0.16896483364328332,0.9374185136897001,0.9109501909995796,2.25,0.5953454807865777,0.17499548980696375,0.47367851344037526,0.01887628054023042,0.4637400002493248,0.30471367979709196,,merfish,-0.24,test,MERFISH,reference_atlas
