method,slice,min,max,range,sd,mean,median,best_ll,std3,rho,pct_best_ll
histar,151507,0.396,0.546,0.15,0.044,0.497,0.502,0.542,0.466,0.639,0.8
histar,151508,0.465,0.526,0.061,0.025,0.503,0.514,0.465,0.465,-0.672,0.15
histar,151509,0.323,0.515,0.192,0.07,0.45,0.473,0.323,0.473,-0.733,0.1
histar,151510,0.361,0.597,0.236,0.069,0.523,0.511,0.597,0.565,0.574,1.0
histar,151669,0.231,0.67,0.439,0.123,0.37,0.401,0.67,0.438,0.749,1.0
histar,151670,0.252,0.47,0.218,0.092,0.331,0.252,0.47,0.431,0.834,1.0
histar,151671,0.465,0.812,0.347,0.058,0.598,0.594,0.593,0.594,-0.29,0.15
histar,151672,0.48,0.768,0.288,0.089,0.579,0.609,0.768,0.48,-0.143,0.95
histar,151673,0.392,0.542,0.15,0.037,0.525,0.542,0.542,0.542,0.571,0.45
histar,151674,0.397,0.596,0.2,0.047,0.513,0.514,0.596,0.614,0.086,1.0
histar,151675,0.439,0.565,0.126,0.044,0.516,0.538,0.549,0.546,0.347,0.75
histar,151676,0.422,0.545,0.122,0.033,0.46,0.444,0.439,0.439,-0.011,0.15
anisost,151507,0.429,0.607,0.178,0.037,0.522,0.535,0.536,0.553,0.402,0.7
anisost,151508,0.293,0.547,0.254,0.063,0.464,0.484,0.535,0.535,-0.061,0.9
anisost,151509,0.423,0.593,0.17,0.046,0.516,0.518,0.593,0.518,0.406,1.0
anisost,151510,0.428,0.553,0.125,0.037,0.497,0.498,0.49,0.622,0.686,0.5
anisost,151669,0.211,0.438,0.227,0.097,0.374,0.419,0.437,0.438,0.883,0.65
anisost,151670,0.221,0.644,0.422,0.122,0.368,0.443,0.644,0.443,0.765,1.0
anisost,151671,0.479,0.807,0.328,0.106,0.607,0.577,0.573,0.573,0.283,0.4
anisost,151672,0.447,0.761,0.314,0.14,0.683,0.761,0.761,0.761,0.763,1.0
anisost,151673,0.437,0.58,0.143,0.032,0.532,0.536,0.58,0.579,0.807,1.0
anisost,151674,0.309,0.587,0.277,0.07,0.485,0.494,0.587,0.486,0.559,1.0
anisost,151675,0.368,0.53,0.161,0.054,0.455,0.47,0.475,0.528,0.378,0.75
anisost,151676,0.437,0.565,0.128,0.034,0.504,0.514,0.514,0.514,0.37,0.85
