"dataset","slice","method","kind","rep","ARI","loglik_per_obs","seconds"
"merfish","-0.04","graphst","base",0,0.180640907922675,-29.825172093823,6.82081365585327
"merfish","-0.04","graphst","jitter1pct",1,0.156203509113991,-29.8199675919757,NA
"merfish","-0.04","graphst","permute",1,0.171230600022406,-29.9036749885298,NA
"merfish","-0.04","graphst","jitter1pct",2,0.176560827321252,-29.8962009834076,NA
"merfish","-0.04","graphst","permute",2,0.146159539353584,-29.9071371079283,NA
"merfish","-0.04","graphst","jitter1pct",3,0.163562635051307,-29.9888534830234,NA
"merfish","-0.04","graphst","permute",3,0.154321156483734,-29.907425569144,NA
"merfish","-0.04","graphst","jitter1pct",4,0.167851641997213,-29.9018150770383,NA
"merfish","-0.04","graphst","permute",4,0.173617211281112,-29.8951006188316,NA
"merfish","-0.04","graphst","jitter1pct",5,0.138136780121249,-29.9072789972362,NA
"merfish","-0.04","graphst","permute",5,0.176690549104577,-29.8218038314786,NA
"merfish","-0.04","graphst","jitter1pct",6,0.171885975380344,-29.929186175066,NA
"merfish","-0.04","graphst","permute",6,0.174786688535618,-29.8962237135515,NA
"merfish","-0.04","graphst","jitter1pct",7,0.159646382925204,-29.9088636653962,NA
"merfish","-0.04","graphst","permute",7,0.166455341762256,-29.9514754088038,NA
"merfish","-0.04","graphst","jitter1pct",8,0.163666934625917,-29.8993086677571,NA
"merfish","-0.04","graphst","permute",8,0.18193891796554,-29.8769535466758,NA
"merfish","-0.04","graphst","jitter1pct",9,0.167229701483993,-29.8982298085079,NA
"merfish","-0.04","graphst","permute",9,0.179929909311954,-29.9036802380297,NA
"merfish","-0.04","graphst","jitter1pct",10,0.167081163419839,-29.9310606437315,NA
"merfish","-0.04","graphst","permute",10,0.185911069292182,-29.8778374722488,NA
"merfish","-0.09","graphst","base",0,0.274825315356234,-30.2117670918669,6.53189086914062
"merfish","-0.09","graphst","jitter1pct",1,0.261726913079129,-30.2135928544928,NA
"merfish","-0.09","graphst","permute",1,0.258770174868537,-30.2025021434844,NA
"merfish","-0.09","graphst","jitter1pct",2,0.245095703726123,-30.1792174448469,NA
"merfish","-0.09","graphst","permute",2,0.209079232560224,-30.1857197977572,NA
"merfish","-0.09","graphst","jitter1pct",3,0.202434669404675,-30.1912953753308,NA
"merfish","-0.09","graphst","permute",3,0.223235591836091,-30.1902739781801,NA
"merfish","-0.09","graphst","jitter1pct",4,0.249910134833419,-30.2234874019677,NA
"merfish","-0.09","graphst","permute",4,0.2268725221982,-30.2073248588896,NA
"merfish","-0.09","graphst","jitter1pct",5,0.218474324107187,-30.1688663222621,NA
"merfish","-0.09","graphst","permute",5,0.245458426072901,-30.2217228802064,NA
"merfish","-0.09","graphst","jitter1pct",6,0.23262517258179,-30.2094490813039,NA
"merfish","-0.09","graphst","permute",6,0.231351878245594,-30.1910787398339,NA
"merfish","-0.09","graphst","jitter1pct",7,0.200321813677724,-30.1845469635678,NA
"merfish","-0.09","graphst","permute",7,0.247841292646515,-30.2163879353629,NA
"merfish","-0.09","graphst","jitter1pct",8,0.24569764191064,-30.1796985751555,NA
"merfish","-0.09","graphst","permute",8,0.222688995032249,-30.1872350096134,NA
"merfish","-0.09","graphst","jitter1pct",9,0.226522394576098,-30.1892514191825,NA
"merfish","-0.09","graphst","permute",9,0.231160052885311,-30.2124495892161,NA
"merfish","-0.09","graphst","jitter1pct",10,0.215884347312603,-30.2350615347002,NA
"merfish","-0.09","graphst","permute",10,0.276931979402151,-30.2215122618754,NA
"merfish","-0.14","graphst","base",0,0.251034089810693,-29.9903633977402,8.65905261039734
"merfish","-0.14","graphst","jitter1pct",1,0.240788722998418,-29.9595927339593,NA
"merfish","-0.14","graphst","permute",1,0.238976152371217,-29.9866847769362,NA
"merfish","-0.14","graphst","jitter1pct",2,0.272054741285858,-30.0040654550385,NA
"merfish","-0.14","graphst","permute",2,0.244196031146521,-30.0046036935438,NA
"merfish","-0.14","graphst","jitter1pct",3,0.250401328956302,-29.9911673476595,NA
"merfish","-0.14","graphst","permute",3,0.249927633685883,-29.9571585407965,NA
"merfish","-0.14","graphst","jitter1pct",4,0.252443102783995,-29.9922882564812,NA
"merfish","-0.14","graphst","permute",4,0.250014256331435,-29.9570696677685,NA
"merfish","-0.14","graphst","jitter1pct",5,0.183897053787254,-30.0485281131891,NA
"merfish","-0.14","graphst","permute",5,0.297303612403165,-30.0255058748329,NA
"merfish","-0.14","graphst","jitter1pct",6,0.242619692207419,-29.956388461402,NA
"merfish","-0.14","graphst","permute",6,0.252610537539789,-29.9575892854969,NA
"merfish","-0.14","graphst","jitter1pct",7,0.237402823417666,-29.9584953130218,NA
"merfish","-0.14","graphst","permute",7,0.250366247476401,-29.9576374195221,NA
"merfish","-0.14","graphst","jitter1pct",8,0.270377958322953,-30.0027810284109,NA
"merfish","-0.14","graphst","permute",8,0.251453327384632,-29.9575411205571,NA
"merfish","-0.14","graphst","jitter1pct",9,0.244857636768271,-29.9581649714668,NA
"merfish","-0.14","graphst","permute",9,0.242837812376794,-29.9574629236635,NA
"merfish","-0.14","graphst","jitter1pct",10,0.236167588122998,-29.9887615382479,NA
"merfish","-0.14","graphst","permute",10,0.238842537807731,-29.9861928342086,NA
"merfish","-0.19","graphst","base",0,0.248067280610787,-29.9118205507056,7.18637228012085
"merfish","-0.19","graphst","jitter1pct",1,0.234258996431877,-29.9106928402165,NA
"merfish","-0.19","graphst","permute",1,0.266760676718299,-29.9459205712874,NA
"merfish","-0.19","graphst","jitter1pct",2,0.289336210803149,-29.93191652147,NA
"merfish","-0.19","graphst","permute",2,0.287666787669275,-29.9313109471008,NA
"merfish","-0.19","graphst","jitter1pct",3,0.297110691845503,-29.8868302225391,NA
"merfish","-0.19","graphst","permute",3,0.286205739975216,-29.9302058073655,NA
"merfish","-0.19","graphst","jitter1pct",4,0.283770992894009,-29.9337626373995,NA
"merfish","-0.19","graphst","permute",4,0.252987450940762,-29.9469165362603,NA
"merfish","-0.19","graphst","jitter1pct",5,0.281432421599835,-29.9331707641818,NA
"merfish","-0.19","graphst","permute",5,0.28790923790329,-29.9308167019215,NA
"merfish","-0.19","graphst","jitter1pct",6,0.289022181813961,-29.9331603572569,NA
"merfish","-0.19","graphst","permute",6,0.22825343147047,-29.8783624677249,NA
"merfish","-0.19","graphst","jitter1pct",7,0.265796176196304,-29.9464005980767,NA
"merfish","-0.19","graphst","permute",7,0.294429940173037,-29.8852126635117,NA
"merfish","-0.19","graphst","jitter1pct",8,0.283265799988637,-29.9346218084409,NA
"merfish","-0.19","graphst","permute",8,0.280681201880023,-29.9328332651625,NA
"merfish","-0.19","graphst","jitter1pct",9,0.224140403443302,-29.8809473797729,NA
"merfish","-0.19","graphst","permute",9,0.222392960588055,-29.8790680006925,NA
"merfish","-0.19","graphst","jitter1pct",10,0.285657874162334,-29.92724357361,NA
"merfish","-0.19","graphst","permute",10,0.245163910965105,-29.9115377139335,NA
"merfish","-0.24","graphst","base",0,0.262365689983163,-29.8106818190431,8.00984811782837
"merfish","-0.24","graphst","jitter1pct",1,0.268176379074628,-29.8332719535437,NA
"merfish","-0.24","graphst","permute",1,0.259700476435858,-29.8084341561391,NA
"merfish","-0.24","graphst","jitter1pct",2,0.266101346306909,-29.8114841868579,NA
"merfish","-0.24","graphst","permute",2,0.253961149538417,-29.8090801979569,NA
"merfish","-0.24","graphst","jitter1pct",3,0.266561007041943,-29.8341392007539,NA
"merfish","-0.24","graphst","permute",3,0.260792196120344,-29.8086267748836,NA
"merfish","-0.24","graphst","jitter1pct",4,0.281102219281923,-29.8317761409707,NA
"merfish","-0.24","graphst","permute",4,0.259700476435858,-29.8084378786117,NA
"merfish","-0.24","graphst","jitter1pct",5,0.23640942568695,-29.8080259563928,NA
"merfish","-0.24","graphst","permute",5,0.260607083337032,-29.808539486829,NA
"merfish","-0.24","graphst","jitter1pct",6,0.260068651953774,-29.8100166705189,NA
"merfish","-0.24","graphst","permute",6,0.259700476435858,-29.8084133786733,NA
"merfish","-0.24","graphst","jitter1pct",7,0.236849874819638,-29.8095033149044,NA
"merfish","-0.24","graphst","permute",7,0.238007267701835,-29.8071534096124,NA
"merfish","-0.24","graphst","jitter1pct",8,0.261691799549333,-29.8102517893281,NA
"merfish","-0.24","graphst","permute",8,0.263891222684431,-29.832255954803,NA
"merfish","-0.24","graphst","jitter1pct",9,0.248141274949689,-29.8176777768636,NA
"merfish","-0.24","graphst","permute",9,0.282975506877549,-29.8322949539606,NA
"merfish","-0.24","graphst","jitter1pct",10,0.260089917326757,-29.8095330245871,NA
"merfish","-0.24","graphst","permute",10,0.263469055479712,-29.8107794832124,NA
"starmap","20180417_BZ5_control","graphst","base",0,0.25642436638577,-29.7636827492829,0.880233526229858
"starmap","20180417_BZ5_control","graphst","jitter1pct",1,0.25616010506318,-29.7646455132681,NA
"starmap","20180417_BZ5_control","graphst","permute",1,0.25642436638577,-29.7636827492829,NA
"starmap","20180417_BZ5_control","graphst","jitter1pct",2,0.420612263289593,-29.7584856119079,NA
"starmap","20180417_BZ5_control","graphst","permute",2,0.25642436638577,-29.7636827492829,NA
"starmap","20180417_BZ5_control","graphst","jitter1pct",3,0.402486820435741,-29.7719200013074,NA
"starmap","20180417_BZ5_control","graphst","permute",3,0.25642436638577,-29.7636827492829,NA
"starmap","20180417_BZ5_control","graphst","jitter1pct",4,0.464081873035276,-29.7004017767212,NA
"starmap","20180417_BZ5_control","graphst","permute",4,0.25642436638577,-29.7636827492829,NA
"starmap","20180417_BZ5_control","graphst","jitter1pct",5,0.465681073578374,-29.6975068646903,NA
"starmap","20180417_BZ5_control","graphst","permute",5,0.25642436638577,-29.7636827492829,NA
"starmap","20180417_BZ5_control","graphst","jitter1pct",6,0.302328798483352,-29.728060823948,NA
"starmap","20180417_BZ5_control","graphst","permute",6,0.25642436638577,-29.7636827492829,NA
"starmap","20180417_BZ5_control","graphst","jitter1pct",7,0.328388422556572,-29.7349635664577,NA
"starmap","20180417_BZ5_control","graphst","permute",7,0.25642436638577,-29.7636827492828,NA
"starmap","20180417_BZ5_control","graphst","jitter1pct",8,0.50989309246045,-29.6753558280433,NA
"starmap","20180417_BZ5_control","graphst","permute",8,0.25642436638577,-29.7636827492829,NA
"starmap","20180417_BZ5_control","graphst","jitter1pct",9,0.47243735131113,-29.6978623911224,NA
"starmap","20180417_BZ5_control","graphst","permute",9,0.25642436638577,-29.7636827492828,NA
"starmap","20180417_BZ5_control","graphst","jitter1pct",10,0.304589425216877,-29.7242490543853,NA
"starmap","20180417_BZ5_control","graphst","permute",10,0.25642436638577,-29.7636827492828,NA
"starmap","20180419_BZ9_control","graphst","base",0,0.390924017219094,-29.5614563663863,0.989781141281128
"starmap","20180419_BZ9_control","graphst","jitter1pct",1,0.324371398403494,-29.5621435210926,NA
"starmap","20180419_BZ9_control","graphst","permute",1,0.390924017219094,-29.5614563663863,NA
"starmap","20180419_BZ9_control","graphst","jitter1pct",2,0.390924017219094,-29.5620579485799,NA
"starmap","20180419_BZ9_control","graphst","permute",2,0.390924017219094,-29.5614563663863,NA
"starmap","20180419_BZ9_control","graphst","jitter1pct",3,0.308854051971747,-29.5649812085571,NA
"starmap","20180419_BZ9_control","graphst","permute",3,0.390924017219094,-29.5614563663863,NA
"starmap","20180419_BZ9_control","graphst","jitter1pct",4,0.261068931201651,-29.582385579909,NA
"starmap","20180419_BZ9_control","graphst","permute",4,0.390924017219094,-29.5614563663863,NA
"starmap","20180419_BZ9_control","graphst","jitter1pct",5,0.388635849965417,-29.5621659012065,NA
"starmap","20180419_BZ9_control","graphst","permute",5,0.390924017219094,-29.5614563663863,NA
"starmap","20180419_BZ9_control","graphst","jitter1pct",6,0.265835377748178,-29.580499648691,NA
"starmap","20180419_BZ9_control","graphst","permute",6,0.390924017219094,-29.5614563663863,NA
"starmap","20180419_BZ9_control","graphst","jitter1pct",7,0.392525992574654,-29.5612939323475,NA
"starmap","20180419_BZ9_control","graphst","permute",7,0.390924017219094,-29.5614563663863,NA
"starmap","20180419_BZ9_control","graphst","jitter1pct",8,0.351652913363312,-29.5579328698441,NA
"starmap","20180419_BZ9_control","graphst","permute",8,0.390924017219094,-29.5614563663863,NA
"starmap","20180419_BZ9_control","graphst","jitter1pct",9,0.303407687702381,-29.5684658160776,NA
"starmap","20180419_BZ9_control","graphst","permute",9,0.390924017219094,-29.5614563663863,NA
"starmap","20180419_BZ9_control","graphst","jitter1pct",10,0.321307764796741,-29.5630222122597,NA
"starmap","20180419_BZ9_control","graphst","permute",10,0.390924017219094,-29.5614563663863,NA
"starmap","20180424_BZ14_control","graphst","base",0,0.51278936998678,-30.0520694995502,1.30330610275269
"starmap","20180424_BZ14_control","graphst","jitter1pct",1,0.520795166640373,-30.0137157981384,NA
"starmap","20180424_BZ14_control","graphst","permute",1,0.51278936998678,-30.0520694995502,NA
"starmap","20180424_BZ14_control","graphst","jitter1pct",2,0.602011354270415,-29.97882222789,NA
"starmap","20180424_BZ14_control","graphst","permute",2,0.51278936998678,-30.0520694995503,NA
"starmap","20180424_BZ14_control","graphst","jitter1pct",3,0.567508549298485,-29.9888203303208,NA
"starmap","20180424_BZ14_control","graphst","permute",3,0.51278936998678,-30.0520694995502,NA
"starmap","20180424_BZ14_control","graphst","jitter1pct",4,0.397475094200388,-30.0237970371191,NA
"starmap","20180424_BZ14_control","graphst","permute",4,0.51278936998678,-30.0520694995502,NA
"starmap","20180424_BZ14_control","graphst","jitter1pct",5,0.393159510086491,-30.0209400049804,NA
"starmap","20180424_BZ14_control","graphst","permute",5,0.51278936998678,-30.0520694995502,NA
"starmap","20180424_BZ14_control","graphst","jitter1pct",6,0.591374481037915,-29.9788362807142,NA
"starmap","20180424_BZ14_control","graphst","permute",6,0.51278936998678,-30.0520694995502,NA
"starmap","20180424_BZ14_control","graphst","jitter1pct",7,0.352654801364283,-30.0193727437924,NA
"starmap","20180424_BZ14_control","graphst","permute",7,0.51278936998678,-30.0520694995503,NA
"starmap","20180424_BZ14_control","graphst","jitter1pct",8,0.557707682772926,-29.9787663971813,NA
"starmap","20180424_BZ14_control","graphst","permute",8,0.51278936998678,-30.0520694995503,NA
"starmap","20180424_BZ14_control","graphst","jitter1pct",9,0.357951653674953,-30.0183775804252,NA
"starmap","20180424_BZ14_control","graphst","permute",9,0.51278936998678,-30.0520694995502,NA
"starmap","20180424_BZ14_control","graphst","jitter1pct",10,0.480173730729884,-30.0095743907471,NA
"starmap","20180424_BZ14_control","graphst","permute",10,0.51278936998678,-30.0520694995503,NA
